{
  "name": "encounter-builder",
  "title": "5e Encounter Builder",
  "description": "Adds an application to determine encounter difficulty, based on the Kobold Fight Club.",
  "version": "0.1.0",
  "minimumCoreVersion": "0.5.0",
  "author": "RaySSharma",
  "scripts": ["./src/encounter-builder.js", "./src/builder-form.js"],
  "styles": ["./css/encounter-builder.css"],
  "languages": [{
    "lang": "en",
    "name": "English",
    "path": "lang/en.json"
  }],
  "url": "https://github.com/RaySSharma/foundry-modules/tree/master/encounter-builder",
  "manifest": "https://raw.githubusercontent.com/RaySSharma/foundry-modules/master/encounter-builder/encounter-builder/module.json",
  "download": "https://github.com/RaySSharma/foundry-modules/raw/master/encounter-builder/encounter-builder.zip"
}
