{
  "name": "encounter-builder",
  "title": "5e Encounter Builder",
  "description": "Adds an application to determine encounter difficulty, based on the Kobold Fight Club.",
  "version": "0.3.0",
  "minimumCoreVersion": "9",
  "compatibleCoreVersion": "9",
  "author": "RaySSharma",
  "scripts": ["./src/encounter-builder.js", "./src/builder-form.js"],
  "styles": ["./css/encounter-builder.css"],
  "languages": [
    {
    "lang": "en",
    "name": "English",
    "path": "lang/en.json"
    },
    {
      "lang": "pt",
      "name": "Português do Brasil",
      "path": "lang/pt-BR.json"
    },
    {
      "lang": "es",
      "name": "Castellano",
      "path": "lang/es-ES.json"
    }
],
  "system": "dnd5e",
  "url": "https://github.com/RaySSharma/fvtt-encounter-builder",
  "manifest": "https://raw.githubusercontent.com/RaySSharma/fvtt-encounter-builder/master/encounter-builder/module.json",
  "download": "https://github.com/RaySSharma/fvtt-encounter-builder/archive/v0.3.0.zip",
  "readme": "https://raw.githubusercontent.com/RaySSharma/fvtt-encounter-builder/master/README.md"
}
